name,path,group
B2_102,/Users/kayivionachan/Documents/GitHub/CAN7035 Machine Learning AI /cubed/B2/B2_102.jpg,B
B2_33,/Users/kayivionachan/Documents/GitHub/CAN7035 Machine Learning AI /cubed/B2/B2_33.jpg,B
B1_84,/Users/kayivionachan/Documents/GitHub/CAN7035 Machine Learning AI /cubed/B1/B1_84.jpg,B
B1_54,/Users/kayivionachan/Documents/GitHub/CAN7035 Machine Learning AI /cubed/B1/B1_54.jpg,B
B2_52,/Users/kayivionachan/Documents/GitHub/CAN7035 Machine Learning AI /cubed/B2/B2_52.jpg,B
B2_20,/Users/kayivionachan/Documents/GitHub/CAN7035 Machine Learning AI /cubed/B2/B2_20.jpg,B
B2_15,/Users/kayivionachan/Documents/GitHub/CAN7035 Machine Learning AI /cubed/B2/B2_15.jpg,B
B1_86,/Users/kayivionachan/Documents/GitHub/CAN7035 Machine Learning AI /cubed/B1/B1_86.jpg,B
B1_24,/Users/kayivionachan/Documents/GitHub/CAN7035 Machine Learning AI /cubed/B1/B1_24.jpg,B
A2_86,/Users/kayivionachan/Documents/GitHub/CAN7035 Machine Learning AI /cubed/A2/A2_86.jpg,A
B2_62,/Users/kayivionachan/Documents/GitHub/CAN7035 Machine Learning AI /cubed/B2/B2_62.jpg,B
B2_18,/Users/kayivionachan/Documents/GitHub/CAN7035 Machine Learning AI /cubed/B2/B2_18.jpg,B
B2_38,/Users/kayivionachan/Documents/GitHub/CAN7035 Machine Learning AI /cubed/B2/B2_38.jpg,B
A1_70,/Users/kayivionachan/Documents/GitHub/CAN7035 Machine Learning AI /cubed/A1/A1_70.jpg,A
B1_36,/Users/kayivionachan/Documents/GitHub/CAN7035 Machine Learning AI /cubed/B1/B1_36.jpg,B
A1_44,/Users/kayivionachan/Documents/GitHub/CAN7035 Machine Learning AI /cubed/A1/A1_44.jpg,A
B2_66,/Users/kayivionachan/Documents/GitHub/CAN7035 Machine Learning AI /cubed/B2/B2_66.jpg,B
B2_23,/Users/kayivionachan/Documents/GitHub/CAN7035 Machine Learning AI /cubed/B2/B2_23.jpg,B
A2_79,/Users/kayivionachan/Documents/GitHub/CAN7035 Machine Learning AI /cubed/A2/A2_79.jpg,A
A2_35,/Users/kayivionachan/Documents/GitHub/CAN7035 Machine Learning AI /cubed/A2/A2_35.jpg,A
B2_100,/Users/kayivionachan/Documents/GitHub/CAN7035 Machine Learning AI /cubed/B2/B2_100.jpg,B
B2_53,/Users/kayivionachan/Documents/GitHub/CAN7035 Machine Learning AI /cubed/B2/B2_53.jpg,B
B2_69,/Users/kayivionachan/Documents/GitHub/CAN7035 Machine Learning AI /cubed/B2/B2_69.jpg,B
A1_49,/Users/kayivionachan/Documents/GitHub/CAN7035 Machine Learning AI /cubed/A1/A1_49.jpg,A
B2_26,/Users/kayivionachan/Documents/GitHub/CAN7035 Machine Learning AI /cubed/B2/B2_26.jpg,B
A2_88,/Users/kayivionachan/Documents/GitHub/CAN7035 Machine Learning AI /cubed/A2/A2_88.jpg,A
A1_40,/Users/kayivionachan/Documents/GitHub/CAN7035 Machine Learning AI /cubed/A1/A1_40.jpg,A
B2_2,/Users/kayivionachan/Documents/GitHub/CAN7035 Machine Learning AI /cubed/B2/B2_2.jpg,B
B1_97,/Users/kayivionachan/Documents/GitHub/CAN7035 Machine Learning AI /cubed/B1/B1_97.jpg,B
A1_86,/Users/kayivionachan/Documents/GitHub/CAN7035 Machine Learning AI /cubed/A1/A1_86.jpg,A
B2_13,/Users/kayivionachan/Documents/GitHub/CAN7035 Machine Learning AI /cubed/B2/B2_13.jpg,B
B1_51,/Users/kayivionachan/Documents/GitHub/CAN7035 Machine Learning AI /cubed/B1/B1_51.jpg,B
A2_39,/Users/kayivionachan/Documents/GitHub/CAN7035 Machine Learning AI /cubed/A2/A2_39.jpg,A
A2_52,/Users/kayivionachan/Documents/GitHub/CAN7035 Machine Learning AI /cubed/A2/A2_52.jpg,A
A2_77,/Users/kayivionachan/Documents/GitHub/CAN7035 Machine Learning AI /cubed/A2/A2_77.jpg,A
A1_61,/Users/kayivionachan/Documents/GitHub/CAN7035 Machine Learning AI /cubed/A1/A1_61.jpg,A
A2_56,/Users/kayivionachan/Documents/GitHub/CAN7035 Machine Learning AI /cubed/A2/A2_56.jpg,A
B2_22,/Users/kayivionachan/Documents/GitHub/CAN7035 Machine Learning AI /cubed/B2/B2_22.jpg,B
B2_71,/Users/kayivionachan/Documents/GitHub/CAN7035 Machine Learning AI /cubed/B2/B2_71.jpg,B
A2_16,/Users/kayivionachan/Documents/GitHub/CAN7035 Machine Learning AI /cubed/A2/A2_16.jpg,A
B1_9,/Users/kayivionachan/Documents/GitHub/CAN7035 Machine Learning AI /cubed/B1/B1_9.jpg,B
A2_40,/Users/kayivionachan/Documents/GitHub/CAN7035 Machine Learning AI /cubed/A2/A2_40.jpg,A
B2_8,/Users/kayivionachan/Documents/GitHub/CAN7035 Machine Learning AI /cubed/B2/B2_8.jpg,B
B1_59,/Users/kayivionachan/Documents/GitHub/CAN7035 Machine Learning AI /cubed/B1/B1_59.jpg,B
B2_88,/Users/kayivionachan/Documents/GitHub/CAN7035 Machine Learning AI /cubed/B2/B2_88.jpg,B
A2_51,/Users/kayivionachan/Documents/GitHub/CAN7035 Machine Learning AI /cubed/A2/A2_51.jpg,A
A2_41,/Users/kayivionachan/Documents/GitHub/CAN7035 Machine Learning AI /cubed/A2/A2_41.jpg,A
A2_65,/Users/kayivionachan/Documents/GitHub/CAN7035 Machine Learning AI /cubed/A2/A2_65.jpg,A
A1_77,/Users/kayivionachan/Documents/GitHub/CAN7035 Machine Learning AI /cubed/A1/A1_77.jpg,A
B1_101,/Users/kayivionachan/Documents/GitHub/CAN7035 Machine Learning AI /cubed/B1/B1_101.jpg,B
B1_81,/Users/kayivionachan/Documents/GitHub/CAN7035 Machine Learning AI /cubed/B1/B1_81.jpg,B
A2_60,/Users/kayivionachan/Documents/GitHub/CAN7035 Machine Learning AI /cubed/A2/A2_60.jpg,A
B1_72,/Users/kayivionachan/Documents/GitHub/CAN7035 Machine Learning AI /cubed/B1/B1_72.jpg,B
A2_34,/Users/kayivionachan/Documents/GitHub/CAN7035 Machine Learning AI /cubed/A2/A2_34.jpg,A
A2_1,/Users/kayivionachan/Documents/GitHub/CAN7035 Machine Learning AI /cubed/A2/A2_1.jpg,A
A1_22,/Users/kayivionachan/Documents/GitHub/CAN7035 Machine Learning AI /cubed/A1/A1_22.jpg,A
B2_84,/Users/kayivionachan/Documents/GitHub/CAN7035 Machine Learning AI /cubed/B2/B2_84.jpg,B
A1_15,/Users/kayivionachan/Documents/GitHub/CAN7035 Machine Learning AI /cubed/A1/A1_15.jpg,A
B2_50,/Users/kayivionachan/Documents/GitHub/CAN7035 Machine Learning AI /cubed/B2/B2_50.jpg,B
A1_4,/Users/kayivionachan/Documents/GitHub/CAN7035 Machine Learning AI /cubed/A1/A1_4.jpg,A
A1_59,/Users/kayivionachan/Documents/GitHub/CAN7035 Machine Learning AI /cubed/A1/A1_59.jpg,A
A2_55,/Users/kayivionachan/Documents/GitHub/CAN7035 Machine Learning AI /cubed/A2/A2_55.jpg,A
B1_39,/Users/kayivionachan/Documents/GitHub/CAN7035 Machine Learning AI /cubed/B1/B1_39.jpg,B
A1_19,/Users/kayivionachan/Documents/GitHub/CAN7035 Machine Learning AI /cubed/A1/A1_19.jpg,A
A2_37,/Users/kayivionachan/Documents/GitHub/CAN7035 Machine Learning AI /cubed/A2/A2_37.jpg,A
A2_3,/Users/kayivionachan/Documents/GitHub/CAN7035 Machine Learning AI /cubed/A2/A2_3.jpg,A
A2_54,/Users/kayivionachan/Documents/GitHub/CAN7035 Machine Learning AI /cubed/A2/A2_54.jpg,A
A1_10,/Users/kayivionachan/Documents/GitHub/CAN7035 Machine Learning AI /cubed/A1/A1_10.jpg,A
B1_56,/Users/kayivionachan/Documents/GitHub/CAN7035 Machine Learning AI /cubed/B1/B1_56.jpg,B
A2_103,/Users/kayivionachan/Documents/GitHub/CAN7035 Machine Learning AI /cubed/A2/A2_103.jpg,A
B2_58,/Users/kayivionachan/Documents/GitHub/CAN7035 Machine Learning AI /cubed/B2/B2_58.jpg,B
B2_94,/Users/kayivionachan/Documents/GitHub/CAN7035 Machine Learning AI /cubed/B2/B2_94.jpg,B
B2_91,/Users/kayivionachan/Documents/GitHub/CAN7035 Machine Learning AI /cubed/B2/B2_91.jpg,B
A1_69,/Users/kayivionachan/Documents/GitHub/CAN7035 Machine Learning AI /cubed/A1/A1_69.jpg,A
B2_54,/Users/kayivionachan/Documents/GitHub/CAN7035 Machine Learning AI /cubed/B2/B2_54.jpg,B
A2_100,/Users/kayivionachan/Documents/GitHub/CAN7035 Machine Learning AI /cubed/A2/A2_100.jpg,A
B2_67,/Users/kayivionachan/Documents/GitHub/CAN7035 Machine Learning AI /cubed/B2/B2_67.jpg,B
B2_51,/Users/kayivionachan/Documents/GitHub/CAN7035 Machine Learning AI /cubed/B2/B2_51.jpg,B
B1_75,/Users/kayivionachan/Documents/GitHub/CAN7035 Machine Learning AI /cubed/B1/B1_75.jpg,B
B2_87,/Users/kayivionachan/Documents/GitHub/CAN7035 Machine Learning AI /cubed/B2/B2_87.jpg,B
B2_42,/Users/kayivionachan/Documents/GitHub/CAN7035 Machine Learning AI /cubed/B2/B2_42.jpg,B
A1_28,/Users/kayivionachan/Documents/GitHub/CAN7035 Machine Learning AI /cubed/A1/A1_28.jpg,A
A2_89,/Users/kayivionachan/Documents/GitHub/CAN7035 Machine Learning AI /cubed/A2/A2_89.jpg,A
B2_6,/Users/kayivionachan/Documents/GitHub/CAN7035 Machine Learning AI /cubed/B2/B2_6.jpg,B
B2_21,/Users/kayivionachan/Documents/GitHub/CAN7035 Machine Learning AI /cubed/B2/B2_21.jpg,B
A1_90,/Users/kayivionachan/Documents/GitHub/CAN7035 Machine Learning AI /cubed/A1/A1_90.jpg,A
A1_51,/Users/kayivionachan/Documents/GitHub/CAN7035 Machine Learning AI /cubed/A1/A1_51.jpg,A
B1_12,/Users/kayivionachan/Documents/GitHub/CAN7035 Machine Learning AI /cubed/B1/B1_12.jpg,B
B1_73,/Users/kayivionachan/Documents/GitHub/CAN7035 Machine Learning AI /cubed/B1/B1_73.jpg,B
B1_70,/Users/kayivionachan/Documents/GitHub/CAN7035 Machine Learning AI /cubed/B1/B1_70.jpg,B
B1_96,/Users/kayivionachan/Documents/GitHub/CAN7035 Machine Learning AI /cubed/B1/B1_96.jpg,B
B1_42,/Users/kayivionachan/Documents/GitHub/CAN7035 Machine Learning AI /cubed/B1/B1_42.jpg,B
A2_5,/Users/kayivionachan/Documents/GitHub/CAN7035 Machine Learning AI /cubed/A2/A2_5.jpg,A
B2_77,/Users/kayivionachan/Documents/GitHub/CAN7035 Machine Learning AI /cubed/B2/B2_77.jpg,B
B1_82,/Users/kayivionachan/Documents/GitHub/CAN7035 Machine Learning AI /cubed/B1/B1_82.jpg,B
B2_11,/Users/kayivionachan/Documents/GitHub/CAN7035 Machine Learning AI /cubed/B2/B2_11.jpg,B
A2_93,/Users/kayivionachan/Documents/GitHub/CAN7035 Machine Learning AI /cubed/A2/A2_93.jpg,A
B1_77,/Users/kayivionachan/Documents/GitHub/CAN7035 Machine Learning AI /cubed/B1/B1_77.jpg,B
A2_80,/Users/kayivionachan/Documents/GitHub/CAN7035 Machine Learning AI /cubed/A2/A2_80.jpg,A
B2_36,/Users/kayivionachan/Documents/GitHub/CAN7035 Machine Learning AI /cubed/B2/B2_36.jpg,B
B1_33,/Users/kayivionachan/Documents/GitHub/CAN7035 Machine Learning AI /cubed/B1/B1_33.jpg,B
A2_36,/Users/kayivionachan/Documents/GitHub/CAN7035 Machine Learning AI /cubed/A2/A2_36.jpg,A
A2_95,/Users/kayivionachan/Documents/GitHub/CAN7035 Machine Learning AI /cubed/A2/A2_95.jpg,A
B2_55,/Users/kayivionachan/Documents/GitHub/CAN7035 Machine Learning AI /cubed/B2/B2_55.jpg,B
B1_57,/Users/kayivionachan/Documents/GitHub/CAN7035 Machine Learning AI /cubed/B1/B1_57.jpg,B
B1_32,/Users/kayivionachan/Documents/GitHub/CAN7035 Machine Learning AI /cubed/B1/B1_32.jpg,B
A2_73,/Users/kayivionachan/Documents/GitHub/CAN7035 Machine Learning AI /cubed/A2/A2_73.jpg,A
A2_82,/Users/kayivionachan/Documents/GitHub/CAN7035 Machine Learning AI /cubed/A2/A2_82.jpg,A
A1_5,/Users/kayivionachan/Documents/GitHub/CAN7035 Machine Learning AI /cubed/A1/A1_5.jpg,A
A1_33,/Users/kayivionachan/Documents/GitHub/CAN7035 Machine Learning AI /cubed/A1/A1_33.jpg,A
A1_72,/Users/kayivionachan/Documents/GitHub/CAN7035 Machine Learning AI /cubed/A1/A1_72.jpg,A
A2_21,/Users/kayivionachan/Documents/GitHub/CAN7035 Machine Learning AI /cubed/A2/A2_21.jpg,A
A2_31,/Users/kayivionachan/Documents/GitHub/CAN7035 Machine Learning AI /cubed/A2/A2_31.jpg,A
B2_65,/Users/kayivionachan/Documents/GitHub/CAN7035 Machine Learning AI /cubed/B2/B2_65.jpg,B
A1_12,/Users/kayivionachan/Documents/GitHub/CAN7035 Machine Learning AI /cubed/A1/A1_12.jpg,A
A2_94,/Users/kayivionachan/Documents/GitHub/CAN7035 Machine Learning AI /cubed/A2/A2_94.jpg,A
A2_19,/Users/kayivionachan/Documents/GitHub/CAN7035 Machine Learning AI /cubed/A2/A2_19.jpg,A
B1_0,/Users/kayivionachan/Documents/GitHub/CAN7035 Machine Learning AI /cubed/B1/B1_0.jpg,B
B1_92,/Users/kayivionachan/Documents/GitHub/CAN7035 Machine Learning AI /cubed/B1/B1_92.jpg,B
A1_42,/Users/kayivionachan/Documents/GitHub/CAN7035 Machine Learning AI /cubed/A1/A1_42.jpg,A
A1_0,/Users/kayivionachan/Documents/GitHub/CAN7035 Machine Learning AI /cubed/A1/A1_0.jpg,A
A1_39,/Users/kayivionachan/Documents/GitHub/CAN7035 Machine Learning AI /cubed/A1/A1_39.jpg,A
B2_32,/Users/kayivionachan/Documents/GitHub/CAN7035 Machine Learning AI /cubed/B2/B2_32.jpg,B
A1_38,/Users/kayivionachan/Documents/GitHub/CAN7035 Machine Learning AI /cubed/A1/A1_38.jpg,A
A2_8,/Users/kayivionachan/Documents/GitHub/CAN7035 Machine Learning AI /cubed/A2/A2_8.jpg,A
B2_81,/Users/kayivionachan/Documents/GitHub/CAN7035 Machine Learning AI /cubed/B2/B2_81.jpg,B
A1_54,/Users/kayivionachan/Documents/GitHub/CAN7035 Machine Learning AI /cubed/A1/A1_54.jpg,A
A2_85,/Users/kayivionachan/Documents/GitHub/CAN7035 Machine Learning AI /cubed/A2/A2_85.jpg,A
B2_12,/Users/kayivionachan/Documents/GitHub/CAN7035 Machine Learning AI /cubed/B2/B2_12.jpg,B
A2_44,/Users/kayivionachan/Documents/GitHub/CAN7035 Machine Learning AI /cubed/A2/A2_44.jpg,A
A1_16,/Users/kayivionachan/Documents/GitHub/CAN7035 Machine Learning AI /cubed/A1/A1_16.jpg,A
A2_12,/Users/kayivionachan/Documents/GitHub/CAN7035 Machine Learning AI /cubed/A2/A2_12.jpg,A
B1_7,/Users/kayivionachan/Documents/GitHub/CAN7035 Machine Learning AI /cubed/B1/B1_7.jpg,B
A1_45,/Users/kayivionachan/Documents/GitHub/CAN7035 Machine Learning AI /cubed/A1/A1_45.jpg,A
B2_46,/Users/kayivionachan/Documents/GitHub/CAN7035 Machine Learning AI /cubed/B2/B2_46.jpg,B
B1_55,/Users/kayivionachan/Documents/GitHub/CAN7035 Machine Learning AI /cubed/B1/B1_55.jpg,B
A1_43,/Users/kayivionachan/Documents/GitHub/CAN7035 Machine Learning AI /cubed/A1/A1_43.jpg,A
A1_48,/Users/kayivionachan/Documents/GitHub/CAN7035 Machine Learning AI /cubed/A1/A1_48.jpg,A
A2_53,/Users/kayivionachan/Documents/GitHub/CAN7035 Machine Learning AI /cubed/A2/A2_53.jpg,A
A2_46,/Users/kayivionachan/Documents/GitHub/CAN7035 Machine Learning AI /cubed/A2/A2_46.jpg,A
A2_61,/Users/kayivionachan/Documents/GitHub/CAN7035 Machine Learning AI /cubed/A2/A2_61.jpg,A
B2_4,/Users/kayivionachan/Documents/GitHub/CAN7035 Machine Learning AI /cubed/B2/B2_4.jpg,B
A2_48,/Users/kayivionachan/Documents/GitHub/CAN7035 Machine Learning AI /cubed/A2/A2_48.jpg,A
B2_41,/Users/kayivionachan/Documents/GitHub/CAN7035 Machine Learning AI /cubed/B2/B2_41.jpg,B
A1_65,/Users/kayivionachan/Documents/GitHub/CAN7035 Machine Learning AI /cubed/A1/A1_65.jpg,A
A1_92,/Users/kayivionachan/Documents/GitHub/CAN7035 Machine Learning AI /cubed/A1/A1_92.jpg,A
B2_10,/Users/kayivionachan/Documents/GitHub/CAN7035 Machine Learning AI /cubed/B2/B2_10.jpg,B
A1_60,/Users/kayivionachan/Documents/GitHub/CAN7035 Machine Learning AI /cubed/A1/A1_60.jpg,A
A1_23,/Users/kayivionachan/Documents/GitHub/CAN7035 Machine Learning AI /cubed/A1/A1_23.jpg,A
B2_14,/Users/kayivionachan/Documents/GitHub/CAN7035 Machine Learning AI /cubed/B2/B2_14.jpg,B
A2_90,/Users/kayivionachan/Documents/GitHub/CAN7035 Machine Learning AI /cubed/A2/A2_90.jpg,A
A1_53,/Users/kayivionachan/Documents/GitHub/CAN7035 Machine Learning AI /cubed/A1/A1_53.jpg,A
A2_101,/Users/kayivionachan/Documents/GitHub/CAN7035 Machine Learning AI /cubed/A2/A2_101.jpg,A
B1_6,/Users/kayivionachan/Documents/GitHub/CAN7035 Machine Learning AI /cubed/B1/B1_6.jpg,B
B2_31,/Users/kayivionachan/Documents/GitHub/CAN7035 Machine Learning AI /cubed/B2/B2_31.jpg,B
A2_42,/Users/kayivionachan/Documents/GitHub/CAN7035 Machine Learning AI /cubed/A2/A2_42.jpg,A
A1_68,/Users/kayivionachan/Documents/GitHub/CAN7035 Machine Learning AI /cubed/A1/A1_68.jpg,A
B1_21,/Users/kayivionachan/Documents/GitHub/CAN7035 Machine Learning AI /cubed/B1/B1_21.jpg,B
A1_35,/Users/kayivionachan/Documents/GitHub/CAN7035 Machine Learning AI /cubed/A1/A1_35.jpg,A
B1_44,/Users/kayivionachan/Documents/GitHub/CAN7035 Machine Learning AI /cubed/B1/B1_44.jpg,B
A1_1,/Users/kayivionachan/Documents/GitHub/CAN7035 Machine Learning AI /cubed/A1/A1_1.jpg,A
A2_92,/Users/kayivionachan/Documents/GitHub/CAN7035 Machine Learning AI /cubed/A2/A2_92.jpg,A
A2_62,/Users/kayivionachan/Documents/GitHub/CAN7035 Machine Learning AI /cubed/A2/A2_62.jpg,A
A1_41,/Users/kayivionachan/Documents/GitHub/CAN7035 Machine Learning AI /cubed/A1/A1_41.jpg,A
B2_27,/Users/kayivionachan/Documents/GitHub/CAN7035 Machine Learning AI /cubed/B2/B2_27.jpg,B
A2_43,/Users/kayivionachan/Documents/GitHub/CAN7035 Machine Learning AI /cubed/A2/A2_43.jpg,A
A2_81,/Users/kayivionachan/Documents/GitHub/CAN7035 Machine Learning AI /cubed/A2/A2_81.jpg,A
A1_8,/Users/kayivionachan/Documents/GitHub/CAN7035 Machine Learning AI /cubed/A1/A1_8.jpg,A
A2_28,/Users/kayivionachan/Documents/GitHub/CAN7035 Machine Learning AI /cubed/A2/A2_28.jpg,A
B1_66,/Users/kayivionachan/Documents/GitHub/CAN7035 Machine Learning AI /cubed/B1/B1_66.jpg,B
B1_28,/Users/kayivionachan/Documents/GitHub/CAN7035 Machine Learning AI /cubed/B1/B1_28.jpg,B
A1_37,/Users/kayivionachan/Documents/GitHub/CAN7035 Machine Learning AI /cubed/A1/A1_37.jpg,A
A1_6,/Users/kayivionachan/Documents/GitHub/CAN7035 Machine Learning AI /cubed/A1/A1_6.jpg,A
A2_45,/Users/kayivionachan/Documents/GitHub/CAN7035 Machine Learning AI /cubed/A2/A2_45.jpg,A
B2_80,/Users/kayivionachan/Documents/GitHub/CAN7035 Machine Learning AI /cubed/B2/B2_80.jpg,B
B1_1,/Users/kayivionachan/Documents/GitHub/CAN7035 Machine Learning AI /cubed/B1/B1_1.jpg,B
B1_4,/Users/kayivionachan/Documents/GitHub/CAN7035 Machine Learning AI /cubed/B1/B1_4.jpg,B
B1_103,/Users/kayivionachan/Documents/GitHub/CAN7035 Machine Learning AI /cubed/B1/B1_103.jpg,B
B2_30,/Users/kayivionachan/Documents/GitHub/CAN7035 Machine Learning AI /cubed/B2/B2_30.jpg,B
B1_78,/Users/kayivionachan/Documents/GitHub/CAN7035 Machine Learning AI /cubed/B1/B1_78.jpg,B
B1_47,/Users/kayivionachan/Documents/GitHub/CAN7035 Machine Learning AI /cubed/B1/B1_47.jpg,B
B1_35,/Users/kayivionachan/Documents/GitHub/CAN7035 Machine Learning AI /cubed/B1/B1_35.jpg,B
A1_21,/Users/kayivionachan/Documents/GitHub/CAN7035 Machine Learning AI /cubed/A1/A1_21.jpg,A
B1_98,/Users/kayivionachan/Documents/GitHub/CAN7035 Machine Learning AI /cubed/B1/B1_98.jpg,B
A2_22,/Users/kayivionachan/Documents/GitHub/CAN7035 Machine Learning AI /cubed/A2/A2_22.jpg,A
A2_9,/Users/kayivionachan/Documents/GitHub/CAN7035 Machine Learning AI /cubed/A2/A2_9.jpg,A
B2_64,/Users/kayivionachan/Documents/GitHub/CAN7035 Machine Learning AI /cubed/B2/B2_64.jpg,B
B2_79,/Users/kayivionachan/Documents/GitHub/CAN7035 Machine Learning AI /cubed/B2/B2_79.jpg,B
B2_40,/Users/kayivionachan/Documents/GitHub/CAN7035 Machine Learning AI /cubed/B2/B2_40.jpg,B
A1_58,/Users/kayivionachan/Documents/GitHub/CAN7035 Machine Learning AI /cubed/A1/A1_58.jpg,A
B2_98,/Users/kayivionachan/Documents/GitHub/CAN7035 Machine Learning AI /cubed/B2/B2_98.jpg,B
A2_96,/Users/kayivionachan/Documents/GitHub/CAN7035 Machine Learning AI /cubed/A2/A2_96.jpg,A
A1_62,/Users/kayivionachan/Documents/GitHub/CAN7035 Machine Learning AI /cubed/A1/A1_62.jpg,A
B2_47,/Users/kayivionachan/Documents/GitHub/CAN7035 Machine Learning AI /cubed/B2/B2_47.jpg,B
A1_24,/Users/kayivionachan/Documents/GitHub/CAN7035 Machine Learning AI /cubed/A1/A1_24.jpg,A
A1_74,/Users/kayivionachan/Documents/GitHub/CAN7035 Machine Learning AI /cubed/A1/A1_74.jpg,A
B1_100,/Users/kayivionachan/Documents/GitHub/CAN7035 Machine Learning AI /cubed/B1/B1_100.jpg,B
B1_50,/Users/kayivionachan/Documents/GitHub/CAN7035 Machine Learning AI /cubed/B1/B1_50.jpg,B
A2_14,/Users/kayivionachan/Documents/GitHub/CAN7035 Machine Learning AI /cubed/A2/A2_14.jpg,A
A1_18,/Users/kayivionachan/Documents/GitHub/CAN7035 Machine Learning AI /cubed/A1/A1_18.jpg,A
B1_43,/Users/kayivionachan/Documents/GitHub/CAN7035 Machine Learning AI /cubed/B1/B1_43.jpg,B
A1_76,/Users/kayivionachan/Documents/GitHub/CAN7035 Machine Learning AI /cubed/A1/A1_76.jpg,A
B1_40,/Users/kayivionachan/Documents/GitHub/CAN7035 Machine Learning AI /cubed/B1/B1_40.jpg,B
A1_3,/Users/kayivionachan/Documents/GitHub/CAN7035 Machine Learning AI /cubed/A1/A1_3.jpg,A
B1_58,/Users/kayivionachan/Documents/GitHub/CAN7035 Machine Learning AI /cubed/B1/B1_58.jpg,B
A1_36,/Users/kayivionachan/Documents/GitHub/CAN7035 Machine Learning AI /cubed/A1/A1_36.jpg,A
A1_80,/Users/kayivionachan/Documents/GitHub/CAN7035 Machine Learning AI /cubed/A1/A1_80.jpg,A
B2_48,/Users/kayivionachan/Documents/GitHub/CAN7035 Machine Learning AI /cubed/B2/B2_48.jpg,B
B1_71,/Users/kayivionachan/Documents/GitHub/CAN7035 Machine Learning AI /cubed/B1/B1_71.jpg,B
A2_91,/Users/kayivionachan/Documents/GitHub/CAN7035 Machine Learning AI /cubed/A2/A2_91.jpg,A
B2_3,/Users/kayivionachan/Documents/GitHub/CAN7035 Machine Learning AI /cubed/B2/B2_3.jpg,B
B2_57,/Users/kayivionachan/Documents/GitHub/CAN7035 Machine Learning AI /cubed/B2/B2_57.jpg,B
A1_85,/Users/kayivionachan/Documents/GitHub/CAN7035 Machine Learning AI /cubed/A1/A1_85.jpg,A
B2_82,/Users/kayivionachan/Documents/GitHub/CAN7035 Machine Learning AI /cubed/B2/B2_82.jpg,B
A2_24,/Users/kayivionachan/Documents/GitHub/CAN7035 Machine Learning AI /cubed/A2/A2_24.jpg,A
B1_69,/Users/kayivionachan/Documents/GitHub/CAN7035 Machine Learning AI /cubed/B1/B1_69.jpg,B
A1_34,/Users/kayivionachan/Documents/GitHub/CAN7035 Machine Learning AI /cubed/A1/A1_34.jpg,A
A2_6,/Users/kayivionachan/Documents/GitHub/CAN7035 Machine Learning AI /cubed/A2/A2_6.jpg,A
B2_60,/Users/kayivionachan/Documents/GitHub/CAN7035 Machine Learning AI /cubed/B2/B2_60.jpg,B
B1_79,/Users/kayivionachan/Documents/GitHub/CAN7035 Machine Learning AI /cubed/B1/B1_79.jpg,B
A1_93,/Users/kayivionachan/Documents/GitHub/CAN7035 Machine Learning AI /cubed/A1/A1_93.jpg,A
B1_107,/Users/kayivionachan/Documents/GitHub/CAN7035 Machine Learning AI /cubed/B1/B1_107.jpg,B
A1_87,/Users/kayivionachan/Documents/GitHub/CAN7035 Machine Learning AI /cubed/A1/A1_87.jpg,A
A2_76,/Users/kayivionachan/Documents/GitHub/CAN7035 Machine Learning AI /cubed/A2/A2_76.jpg,A
A1_88,/Users/kayivionachan/Documents/GitHub/CAN7035 Machine Learning AI /cubed/A1/A1_88.jpg,A
B1_38,/Users/kayivionachan/Documents/GitHub/CAN7035 Machine Learning AI /cubed/B1/B1_38.jpg,B
B2_90,/Users/kayivionachan/Documents/GitHub/CAN7035 Machine Learning AI /cubed/B2/B2_90.jpg,B
A1_26,/Users/kayivionachan/Documents/GitHub/CAN7035 Machine Learning AI /cubed/A1/A1_26.jpg,A
A1_27,/Users/kayivionachan/Documents/GitHub/CAN7035 Machine Learning AI /cubed/A1/A1_27.jpg,A
B2_25,/Users/kayivionachan/Documents/GitHub/CAN7035 Machine Learning AI /cubed/B2/B2_25.jpg,B
A1_25,/Users/kayivionachan/Documents/GitHub/CAN7035 Machine Learning AI /cubed/A1/A1_25.jpg,A
B1_74,/Users/kayivionachan/Documents/GitHub/CAN7035 Machine Learning AI /cubed/B1/B1_74.jpg,B
A1_94,/Users/kayivionachan/Documents/GitHub/CAN7035 Machine Learning AI /cubed/A1/A1_94.jpg,A
B1_41,/Users/kayivionachan/Documents/GitHub/CAN7035 Machine Learning AI /cubed/B1/B1_41.jpg,B
B2_83,/Users/kayivionachan/Documents/GitHub/CAN7035 Machine Learning AI /cubed/B2/B2_83.jpg,B
A1_89,/Users/kayivionachan/Documents/GitHub/CAN7035 Machine Learning AI /cubed/A1/A1_89.jpg,A
B1_83,/Users/kayivionachan/Documents/GitHub/CAN7035 Machine Learning AI /cubed/B1/B1_83.jpg,B
A1_91,/Users/kayivionachan/Documents/GitHub/CAN7035 Machine Learning AI /cubed/A1/A1_91.jpg,A
B2_0,/Users/kayivionachan/Documents/GitHub/CAN7035 Machine Learning AI /cubed/B2/B2_0.jpg,B
A1_84,/Users/kayivionachan/Documents/GitHub/CAN7035 Machine Learning AI /cubed/A1/A1_84.jpg,A
A1_63,/Users/kayivionachan/Documents/GitHub/CAN7035 Machine Learning AI /cubed/A1/A1_63.jpg,A
A1_7,/Users/kayivionachan/Documents/GitHub/CAN7035 Machine Learning AI /cubed/A1/A1_7.jpg,A
B1_52,/Users/kayivionachan/Documents/GitHub/CAN7035 Machine Learning AI /cubed/B1/B1_52.jpg,B
B1_46,/Users/kayivionachan/Documents/GitHub/CAN7035 Machine Learning AI /cubed/B1/B1_46.jpg,B
B2_43,/Users/kayivionachan/Documents/GitHub/CAN7035 Machine Learning AI /cubed/B2/B2_43.jpg,B
B1_94,/Users/kayivionachan/Documents/GitHub/CAN7035 Machine Learning AI /cubed/B1/B1_94.jpg,B
A2_67,/Users/kayivionachan/Documents/GitHub/CAN7035 Machine Learning AI /cubed/A2/A2_67.jpg,A
A2_59,/Users/kayivionachan/Documents/GitHub/CAN7035 Machine Learning AI /cubed/A2/A2_59.jpg,A
B2_56,/Users/kayivionachan/Documents/GitHub/CAN7035 Machine Learning AI /cubed/B2/B2_56.jpg,B
B2_99,/Users/kayivionachan/Documents/GitHub/CAN7035 Machine Learning AI /cubed/B2/B2_99.jpg,B
A2_70,/Users/kayivionachan/Documents/GitHub/CAN7035 Machine Learning AI /cubed/A2/A2_70.jpg,A
B2_16,/Users/kayivionachan/Documents/GitHub/CAN7035 Machine Learning AI /cubed/B2/B2_16.jpg,B
B2_63,/Users/kayivionachan/Documents/GitHub/CAN7035 Machine Learning AI /cubed/B2/B2_63.jpg,B
B1_64,/Users/kayivionachan/Documents/GitHub/CAN7035 Machine Learning AI /cubed/B1/B1_64.jpg,B
A1_55,/Users/kayivionachan/Documents/GitHub/CAN7035 Machine Learning AI /cubed/A1/A1_55.jpg,A
A1_56,/Users/kayivionachan/Documents/GitHub/CAN7035 Machine Learning AI /cubed/A1/A1_56.jpg,A
A1_11,/Users/kayivionachan/Documents/GitHub/CAN7035 Machine Learning AI /cubed/A1/A1_11.jpg,A
A2_4,/Users/kayivionachan/Documents/GitHub/CAN7035 Machine Learning AI /cubed/A2/A2_4.jpg,A
B1_105,/Users/kayivionachan/Documents/GitHub/CAN7035 Machine Learning AI /cubed/B1/B1_105.jpg,B
B2_89,/Users/kayivionachan/Documents/GitHub/CAN7035 Machine Learning AI /cubed/B2/B2_89.jpg,B
A2_58,/Users/kayivionachan/Documents/GitHub/CAN7035 Machine Learning AI /cubed/A2/A2_58.jpg,A
B1_17,/Users/kayivionachan/Documents/GitHub/CAN7035 Machine Learning AI /cubed/B1/B1_17.jpg,B
A1_29,/Users/kayivionachan/Documents/GitHub/CAN7035 Machine Learning AI /cubed/A1/A1_29.jpg,A
B1_31,/Users/kayivionachan/Documents/GitHub/CAN7035 Machine Learning AI /cubed/B1/B1_31.jpg,B
A2_97,/Users/kayivionachan/Documents/GitHub/CAN7035 Machine Learning AI /cubed/A2/A2_97.jpg,A
B2_24,/Users/kayivionachan/Documents/GitHub/CAN7035 Machine Learning AI /cubed/B2/B2_24.jpg,B
A2_7,/Users/kayivionachan/Documents/GitHub/CAN7035 Machine Learning AI /cubed/A2/A2_7.jpg,A
B1_22,/Users/kayivionachan/Documents/GitHub/CAN7035 Machine Learning AI /cubed/B1/B1_22.jpg,B
A2_99,/Users/kayivionachan/Documents/GitHub/CAN7035 Machine Learning AI /cubed/A2/A2_99.jpg,A
B1_76,/Users/kayivionachan/Documents/GitHub/CAN7035 Machine Learning AI /cubed/B1/B1_76.jpg,B
B2_95,/Users/kayivionachan/Documents/GitHub/CAN7035 Machine Learning AI /cubed/B2/B2_95.jpg,B
B1_106,/Users/kayivionachan/Documents/GitHub/CAN7035 Machine Learning AI /cubed/B1/B1_106.jpg,B
B1_48,/Users/kayivionachan/Documents/GitHub/CAN7035 Machine Learning AI /cubed/B1/B1_48.jpg,B
A2_29,/Users/kayivionachan/Documents/GitHub/CAN7035 Machine Learning AI /cubed/A2/A2_29.jpg,A
B1_88,/Users/kayivionachan/Documents/GitHub/CAN7035 Machine Learning AI /cubed/B1/B1_88.jpg,B
B2_74,/Users/kayivionachan/Documents/GitHub/CAN7035 Machine Learning AI /cubed/B2/B2_74.jpg,B
B1_19,/Users/kayivionachan/Documents/GitHub/CAN7035 Machine Learning AI /cubed/B1/B1_19.jpg,B
B2_59,/Users/kayivionachan/Documents/GitHub/CAN7035 Machine Learning AI /cubed/B2/B2_59.jpg,B
B2_61,/Users/kayivionachan/Documents/GitHub/CAN7035 Machine Learning AI /cubed/B2/B2_61.jpg,B
B1_8,/Users/kayivionachan/Documents/GitHub/CAN7035 Machine Learning AI /cubed/B1/B1_8.jpg,B
A1_14,/Users/kayivionachan/Documents/GitHub/CAN7035 Machine Learning AI /cubed/A1/A1_14.jpg,A
B1_53,/Users/kayivionachan/Documents/GitHub/CAN7035 Machine Learning AI /cubed/B1/B1_53.jpg,B
B1_30,/Users/kayivionachan/Documents/GitHub/CAN7035 Machine Learning AI /cubed/B1/B1_30.jpg,B
A2_75,/Users/kayivionachan/Documents/GitHub/CAN7035 Machine Learning AI /cubed/A2/A2_75.jpg,A
B1_80,/Users/kayivionachan/Documents/GitHub/CAN7035 Machine Learning AI /cubed/B1/B1_80.jpg,B
B1_93,/Users/kayivionachan/Documents/GitHub/CAN7035 Machine Learning AI /cubed/B1/B1_93.jpg,B
A2_38,/Users/kayivionachan/Documents/GitHub/CAN7035 Machine Learning AI /cubed/A2/A2_38.jpg,A
B1_16,/Users/kayivionachan/Documents/GitHub/CAN7035 Machine Learning AI /cubed/B1/B1_16.jpg,B
A2_84,/Users/kayivionachan/Documents/GitHub/CAN7035 Machine Learning AI /cubed/A2/A2_84.jpg,A
B1_95,/Users/kayivionachan/Documents/GitHub/CAN7035 Machine Learning AI /cubed/B1/B1_95.jpg,B
A2_49,/Users/kayivionachan/Documents/GitHub/CAN7035 Machine Learning AI /cubed/A2/A2_49.jpg,A
B2_70,/Users/kayivionachan/Documents/GitHub/CAN7035 Machine Learning AI /cubed/B2/B2_70.jpg,B
B1_26,/Users/kayivionachan/Documents/GitHub/CAN7035 Machine Learning AI /cubed/B1/B1_26.jpg,B
B1_91,/Users/kayivionachan/Documents/GitHub/CAN7035 Machine Learning AI /cubed/B1/B1_91.jpg,B
A2_23,/Users/kayivionachan/Documents/GitHub/CAN7035 Machine Learning AI /cubed/A2/A2_23.jpg,A
B2_85,/Users/kayivionachan/Documents/GitHub/CAN7035 Machine Learning AI /cubed/B2/B2_85.jpg,B
B2_44,/Users/kayivionachan/Documents/GitHub/CAN7035 Machine Learning AI /cubed/B2/B2_44.jpg,B
A2_71,/Users/kayivionachan/Documents/GitHub/CAN7035 Machine Learning AI /cubed/A2/A2_71.jpg,A
A1_31,/Users/kayivionachan/Documents/GitHub/CAN7035 Machine Learning AI /cubed/A1/A1_31.jpg,A
B2_29,/Users/kayivionachan/Documents/GitHub/CAN7035 Machine Learning AI /cubed/B2/B2_29.jpg,B
A2_18,/Users/kayivionachan/Documents/GitHub/CAN7035 Machine Learning AI /cubed/A2/A2_18.jpg,A
B1_18,/Users/kayivionachan/Documents/GitHub/CAN7035 Machine Learning AI /cubed/B1/B1_18.jpg,B
A1_2,/Users/kayivionachan/Documents/GitHub/CAN7035 Machine Learning AI /cubed/A1/A1_2.jpg,A
B1_5,/Users/kayivionachan/Documents/GitHub/CAN7035 Machine Learning AI /cubed/B1/B1_5.jpg,B
B2_1,/Users/kayivionachan/Documents/GitHub/CAN7035 Machine Learning AI /cubed/B2/B2_1.jpg,B
A1_82,/Users/kayivionachan/Documents/GitHub/CAN7035 Machine Learning AI /cubed/A1/A1_82.jpg,A
A1_46,/Users/kayivionachan/Documents/GitHub/CAN7035 Machine Learning AI /cubed/A1/A1_46.jpg,A
B1_89,/Users/kayivionachan/Documents/GitHub/CAN7035 Machine Learning AI /cubed/B1/B1_89.jpg,B
A2_83,/Users/kayivionachan/Documents/GitHub/CAN7035 Machine Learning AI /cubed/A2/A2_83.jpg,A
B1_14,/Users/kayivionachan/Documents/GitHub/CAN7035 Machine Learning AI /cubed/B1/B1_14.jpg,B
A1_64,/Users/kayivionachan/Documents/GitHub/CAN7035 Machine Learning AI /cubed/A1/A1_64.jpg,A
A2_69,/Users/kayivionachan/Documents/GitHub/CAN7035 Machine Learning AI /cubed/A2/A2_69.jpg,A
A1_20,/Users/kayivionachan/Documents/GitHub/CAN7035 Machine Learning AI /cubed/A1/A1_20.jpg,A
A1_67,/Users/kayivionachan/Documents/GitHub/CAN7035 Machine Learning AI /cubed/A1/A1_67.jpg,A
B2_73,/Users/kayivionachan/Documents/GitHub/CAN7035 Machine Learning AI /cubed/B2/B2_73.jpg,B
A1_81,/Users/kayivionachan/Documents/GitHub/CAN7035 Machine Learning AI /cubed/A1/A1_81.jpg,A
A2_25,/Users/kayivionachan/Documents/GitHub/CAN7035 Machine Learning AI /cubed/A2/A2_25.jpg,A
A2_74,/Users/kayivionachan/Documents/GitHub/CAN7035 Machine Learning AI /cubed/A2/A2_74.jpg,A
B1_2,/Users/kayivionachan/Documents/GitHub/CAN7035 Machine Learning AI /cubed/B1/B1_2.jpg,B
A1_79,/Users/kayivionachan/Documents/GitHub/CAN7035 Machine Learning AI /cubed/A1/A1_79.jpg,A
B1_63,/Users/kayivionachan/Documents/GitHub/CAN7035 Machine Learning AI /cubed/B1/B1_63.jpg,B
A1_50,/Users/kayivionachan/Documents/GitHub/CAN7035 Machine Learning AI /cubed/A1/A1_50.jpg,A
A2_63,/Users/kayivionachan/Documents/GitHub/CAN7035 Machine Learning AI /cubed/A2/A2_63.jpg,A
A2_64,/Users/kayivionachan/Documents/GitHub/CAN7035 Machine Learning AI /cubed/A2/A2_64.jpg,A
B2_72,/Users/kayivionachan/Documents/GitHub/CAN7035 Machine Learning AI /cubed/B2/B2_72.jpg,B
B2_35,/Users/kayivionachan/Documents/GitHub/CAN7035 Machine Learning AI /cubed/B2/B2_35.jpg,B
A1_9,/Users/kayivionachan/Documents/GitHub/CAN7035 Machine Learning AI /cubed/A1/A1_9.jpg,A
A2_26,/Users/kayivionachan/Documents/GitHub/CAN7035 Machine Learning AI /cubed/A2/A2_26.jpg,A
B2_97,/Users/kayivionachan/Documents/GitHub/CAN7035 Machine Learning AI /cubed/B2/B2_97.jpg,B
A2_87,/Users/kayivionachan/Documents/GitHub/CAN7035 Machine Learning AI /cubed/A2/A2_87.jpg,A
A1_75,/Users/kayivionachan/Documents/GitHub/CAN7035 Machine Learning AI /cubed/A1/A1_75.jpg,A
B1_90,/Users/kayivionachan/Documents/GitHub/CAN7035 Machine Learning AI /cubed/B1/B1_90.jpg,B
B1_61,/Users/kayivionachan/Documents/GitHub/CAN7035 Machine Learning AI /cubed/B1/B1_61.jpg,B
A1_95,/Users/kayivionachan/Documents/GitHub/CAN7035 Machine Learning AI /cubed/A1/A1_95.jpg,A
A2_32,/Users/kayivionachan/Documents/GitHub/CAN7035 Machine Learning AI /cubed/A2/A2_32.jpg,A
A1_52,/Users/kayivionachan/Documents/GitHub/CAN7035 Machine Learning AI /cubed/A1/A1_52.jpg,A
B2_92,/Users/kayivionachan/Documents/GitHub/CAN7035 Machine Learning AI /cubed/B2/B2_92.jpg,B
B1_60,/Users/kayivionachan/Documents/GitHub/CAN7035 Machine Learning AI /cubed/B1/B1_60.jpg,B
B1_15,/Users/kayivionachan/Documents/GitHub/CAN7035 Machine Learning AI /cubed/B1/B1_15.jpg,B
B2_5,/Users/kayivionachan/Documents/GitHub/CAN7035 Machine Learning AI /cubed/B2/B2_5.jpg,B
B2_9,/Users/kayivionachan/Documents/GitHub/CAN7035 Machine Learning AI /cubed/B2/B2_9.jpg,B
A2_68,/Users/kayivionachan/Documents/GitHub/CAN7035 Machine Learning AI /cubed/A2/A2_68.jpg,A
B1_104,/Users/kayivionachan/Documents/GitHub/CAN7035 Machine Learning AI /cubed/B1/B1_104.jpg,B
B2_101,/Users/kayivionachan/Documents/GitHub/CAN7035 Machine Learning AI /cubed/B2/B2_101.jpg,B
B2_49,/Users/kayivionachan/Documents/GitHub/CAN7035 Machine Learning AI /cubed/B2/B2_49.jpg,B
B1_29,/Users/kayivionachan/Documents/GitHub/CAN7035 Machine Learning AI /cubed/B1/B1_29.jpg,B
B1_102,/Users/kayivionachan/Documents/GitHub/CAN7035 Machine Learning AI /cubed/B1/B1_102.jpg,B
B1_11,/Users/kayivionachan/Documents/GitHub/CAN7035 Machine Learning AI /cubed/B1/B1_11.jpg,B
B2_76,/Users/kayivionachan/Documents/GitHub/CAN7035 Machine Learning AI /cubed/B2/B2_76.jpg,B
A2_72,/Users/kayivionachan/Documents/GitHub/CAN7035 Machine Learning AI /cubed/A2/A2_72.jpg,A
B2_19,/Users/kayivionachan/Documents/GitHub/CAN7035 Machine Learning AI /cubed/B2/B2_19.jpg,B
B2_96,/Users/kayivionachan/Documents/GitHub/CAN7035 Machine Learning AI /cubed/B2/B2_96.jpg,B
B2_39,/Users/kayivionachan/Documents/GitHub/CAN7035 Machine Learning AI /cubed/B2/B2_39.jpg,B
B2_17,/Users/kayivionachan/Documents/GitHub/CAN7035 Machine Learning AI /cubed/B2/B2_17.jpg,B
A2_11,/Users/kayivionachan/Documents/GitHub/CAN7035 Machine Learning AI /cubed/A2/A2_11.jpg,A
B1_13,/Users/kayivionachan/Documents/GitHub/CAN7035 Machine Learning AI /cubed/B1/B1_13.jpg,B
B2_93,/Users/kayivionachan/Documents/GitHub/CAN7035 Machine Learning AI /cubed/B2/B2_93.jpg,B
A2_33,/Users/kayivionachan/Documents/GitHub/CAN7035 Machine Learning AI /cubed/A2/A2_33.jpg,A
A2_50,/Users/kayivionachan/Documents/GitHub/CAN7035 Machine Learning AI /cubed/A2/A2_50.jpg,A
A1_30,/Users/kayivionachan/Documents/GitHub/CAN7035 Machine Learning AI /cubed/A1/A1_30.jpg,A
B1_68,/Users/kayivionachan/Documents/GitHub/CAN7035 Machine Learning AI /cubed/B1/B1_68.jpg,B
A2_47,/Users/kayivionachan/Documents/GitHub/CAN7035 Machine Learning AI /cubed/A2/A2_47.jpg,A
A1_13,/Users/kayivionachan/Documents/GitHub/CAN7035 Machine Learning AI /cubed/A1/A1_13.jpg,A
A2_20,/Users/kayivionachan/Documents/GitHub/CAN7035 Machine Learning AI /cubed/A2/A2_20.jpg,A
B1_27,/Users/kayivionachan/Documents/GitHub/CAN7035 Machine Learning AI /cubed/B1/B1_27.jpg,B
B1_62,/Users/kayivionachan/Documents/GitHub/CAN7035 Machine Learning AI /cubed/B1/B1_62.jpg,B
B2_34,/Users/kayivionachan/Documents/GitHub/CAN7035 Machine Learning AI /cubed/B2/B2_34.jpg,B
A2_66,/Users/kayivionachan/Documents/GitHub/CAN7035 Machine Learning AI /cubed/A2/A2_66.jpg,A
A1_71,/Users/kayivionachan/Documents/GitHub/CAN7035 Machine Learning AI /cubed/A1/A1_71.jpg,A
B1_20,/Users/kayivionachan/Documents/GitHub/CAN7035 Machine Learning AI /cubed/B1/B1_20.jpg,B
